<?xml version="1.0" encoding="UTF-8"?>
<project-private xmlns="http://www.netbeans.org/ns/project-private/1">
    <editor-bookmarks xmlns="http://www.netbeans.org/ns/editor-bookmarks/2" lastBookmarkId="0"/>
    <open-files xmlns="http://www.netbeans.org/ns/projectui-open-files/2">
        <group>
            <file>file:/C:/Users/Kurt/Videos/absolutecinemaATester/absolutecinemaATester/src/absolutecinema/MainController.java</file>
            <file>file:/C:/Users/Kurt/Videos/absolutecinemaATester/absolutecinemaATester/src/absolutecinema/AdminMainController.java</file>
            <file>file:/C:/Users/Kurt/Videos/absolutecinemaATester/absolutecinemaATester/src/absolutecinema/ActualBookingController.java</file>
            <file>file:/C:/Users/Kurt/Videos/absolutecinemaATester/absolutecinemaATester/src/absolutecinema/DBConnection.java</file>
            <file>file:/C:/Users/Kurt/Videos/absolutecinemaATester/absolutecinemaATester/src/absolutecinema/AdminEditMovieController.java</file>
            <file>file:/C:/Users/Kurt/Videos/absolutecinemaATester/absolutecinemaATester/src/absolutecinema/application.css</file>
            <file>file:/C:/Users/Kurt/Videos/absolutecinemaATester/absolutecinemaATester/src/absolutecinema/SeatNumbController.java</file>
            <file>file:/C:/Users/Kurt/Videos/absolutecinemaATester/absolutecinemaATester/src/absolutecinema/AdminActualBookingController.java</file>
        </group>
    </open-files>
</project-private>
